Name,Migration_ID__c
JILaccount1,migrationId1
JILaccount2,migrationId2
JILaccount3,migrationId3
JILaccount4,migrationId4
JILaccount5,migrationId5
JILaccount6,migrationId6
JILaccount7,migrationId7
JILaccount8,migrationId8
JILaccount9,migrationId9
JILaccount0,migrationId0
JILaccount11,migrationId11
JILaccount21,migrationId21
JILaccount31,migrationId31
JILaccount41,migrationId41
JILaccount51,migrationId51
JILaccount61,migrationId61
JILaccount71,migrationId71
JILaccount81,migrationId81
JILaccount91,migrationId91
JILaccount01,migrationId01
JILaccount111,migrationId111
JILaccount211,migrationId211
JILaccount311,migrationId311
JILaccount411,migrationId411
JILaccount511,migrationId511
JILaccount611,migrationId611
JILaccount711,migrationId711
JILaccount811,migrationId811
JILaccount911,migrationId911
JILaccount011,migrationId011

